-- Create table T_Seed
CREATE TABLE [dbo].[T_Seed] (
  [id] bigint  IDENTITY(1,1) PRIMARY KEY NOT NULL,
  [seedId] int  NOT NULL,
  [seedName] varchar(255) COLLATE Chinese_PRC_CI_AS  NULL,
  [season] int  NOT NULL,
  [seedLevel] int  NOT NULL,
  [seedType] int  NOT NULL,
  [experience] int  NOT NULL,
  [matureTime] int  NOT NULL,
  [harvest] int  NOT NULL,
  [purchasePrice] int  NOT NULL,
  [salePrice] int  NOT NULL,
  [soil] int  NOT NULL,
  [points] int  NOT NULL,
  [prompt] varchar(255) COLLATE Chinese_PRC_CI_AS  NULL
)

-- Insert data for table T_Seed
INSERT INTO [dbo].[T_Seed] ([seedId], [seedName], [season], [seedLevel], [seedType], [experience], [matureTime], [harvest], [purchasePrice], [salePrice], [soil], [points], [prompt])
VALUES
  (1, '白萝卜', 1, 0, 1, 16, 100, 10, 12, 20, 1, 200, '小贴士：白萝卜(英文：radish)是一种非常常见的蔬菜，生食熟食均可，其味略带辛辣味。白萝卜不能与人参、西洋参一起吃。'),
  (2, '青菜', 2, 0, 1, 12, 80, 8, 10, 18, 1, 180, '小贴士：青菜是一种常见的绿色蔬菜，富含维生素和矿物质，对身体健康非常有益。青菜可以生食或烹饪食用。'),
  (3, '土豆', 3, 1, 2, 20, 120, 15, 18, 25, 2, 250, '小贴士：土豆(英文：potato)是一种主食类蔬菜，含有丰富的淀粉和维生素。土豆可以烹饪成各种美食，如炖汤、炸薯条等。'),
  (4, '西红柿', 4, 1, 2, 18, 100, 12, 15, 22, 2, 220, '小贴士：西红柿(英文：tomato)是一种常见的红色蔬果，富含维生素C和抗氧化物质。西红柿可以生食或烹饪食用，是许多菜肴的重要成分。'),
  (5, '黄瓜', 1, 0, 1, 14, 90, 8, 10, 18, 3, 180, '小贴士：黄瓜(英文：cucumber)是一种多水分的蔬菜，口感清爽。黄瓜可以生食或加入沙拉中食用，也可以制作酱料或泡菜。'),
  (6, '茄子', 2, 1, 2, 16, 110, 10, 12, 20, 3, 200, '小贴士：茄子(英文：eggplant)是一种紫色的蔬菜，富含纤维素。'),
  (7, '玉米', 3, 0, 1, 22, 180, 40, 25, 35, 4, 260, '小贴士：玉米(英文：corn)是一种常见的粮食作物，味道香甜可口，含有丰富的营养成分，是人们日常饮食中重要的一部分。'),
  (8, '小麦', 1, 1, 1, 24, 210, 50, 30, 40, 1, 280, '小贴士：小麦(英文：wheat)是一种常见的粮食作物，含有丰富的蛋白质、碳水化合物、纤维素等营养成分，是人们日常饮食中不可或缺的一部分。'),
  (9, '红薯', 4, 1, 1, 26, 240, 60, 35, 45, 2, 300, '小贴士：红薯(英文：sweet potato)是一种非常营养的蔬菜，含有大量的膳食纤维和维生素C。')
  
-- Create seed growth stage TABLE
CREATE TABLE [dbo].[T_SeedGrowthStage] (
  [id] bigint  IDENTITY(1,1) PRIMARY KEY NOT NULL,
  [seedId] int  NOT NULL,
  [growthStage] int  NOT NULL,
  [growthName] varchar(255) COLLATE Chinese_PRC_CI_AS  NULL,
  [growthTime] int  NOT NULL,
  [pestProbability] float(53)  NOT NULL,
  [width] int  NOT NULL,
  [height] int  NOT NULL,
  [x] int  NOT NULL,
  [y] int  NOT NULL,
  [state] int  NOT NULL
)


-- Insert data to table T_SeedGrowthStage
INSERT INTO [dbo].[T_SeedGrowthStage] ([pestProbability], [growthName], [growthStage], [growthTime], [height], [x], [y], [seedId], [state], [width])
VALUES
	(1, '种子', 0, 5, 101, 54, 215, 1, 1, 97),
	(1, '发芽', 1, 6, 107, 50, 186, 1, 2, 91),
	(1, '小叶子', 2, 7, 152, 48, 160, 1, 2, 107),
	(1, '大叶子', 3, 8, 200, 31, 115, 1, 2, 141),
	(1, '开花', 4, 9, 200, 25, 103, 1, 2, 141),
	(0, '成熟', 5, 10, 234, 4, 75, 1, 3, 194),
	(0, '枯草', 6, 0, 332, 10, 149, 1, 4, 188),
	(1, '种子', 0, 5, 92, 59, 221, 2, 1, 90),
	(0.9, '发芽', 1, 6, 89, 65, 194, 2, 2, 81),
	(0.8, '小叶子', 2, 7, 159, 38, 110, 2, 2, 122),
	(0.7, '大叶子', 3, 8, 200, 43, 102, 2, 2, 141),
	(0.5, '开花', 4, 9, 223, 16, 108, 2, 2, 156),
	(0, '成熟', 5, 10, 239, 12, 98, 2, 3, 165),
	(0, '枯草', 6, 0, 244, 37, 172, 2, 4, 142),
	(1, '种子', 0, 11, 58, 69, 223, 3, 1, 70),
	(0.1, '发芽', 1, 30, 73, 65, 194, 3, 2, 62),
	(0, '小叶子', 2, 40, 136, 57, 168, 3, 2, 97),
	(0.2, '大叶子', 3, 60, 200, 26, 97, 3, 2, 141),
	(0, '开花', 4, 70, 200, 23, 125, 3, 2, 141),
	(0, '成熟', 5, 80, 200, 25, 96, 3, 3, 142),
	(0, '枯草', 6, 0, 200, 31, 182, 3, 4, 142),
	(1, '种子', 0, 5, 92, 53, 217, 4, 1, 92),
	(0.9, '发芽', 1, 6, 105, 65, 194, 4, 2, 80),
	(0.8, '小叶子', 2, 7, 159, 43, 147, 4, 2, 116),
	(0.7, '大叶子', 3, 8, 221, 18, 145, 4, 2, 167),
	(0.6, '开花', 4, 9, 225, 20, 145, 4, 2, 156),
	(0, '成熟', 5, 10, 280, -9, 113, 4, 3, 205),
	(0, '枯草', 6, 0, 247, 26, 176, 4, 4, 161),
	(1, '种子', 0, 10, 53, 72, 226, 5, 1, 59),
	(0.1, '发芽', 1, 30, 73, 65, 194, 5, 2, 62),
	(0.1, '发芽', 1, 30, 73, 65, 194, 5, 2, 62),
	(0, '小叶子', 2, 40, 136, 59, 165, 5, 2, 97),
	(0.2, '大叶子', 3, 60, 200, 26, 97, 5, 2, 141),
	(0.2, '开花', 4, 70, 200, 23, 93, 5, 2, 141),
	(0, '成熟', 5, 80, 200, 25, 96, 5, 3, 142),
	(0, '枯草', 6, 0, 200, 31, 182, 5, 4, 142),
	(1, '种子', 0, 10, 53, 72, 226, 5, 1, 59),
	(1, '种子', 0, 5, 92, 62, 218, 6, 1, 85),
	(0.8, '发芽', 1, 6, 99, 62, 165, 6, 2, 83),
	(0.5, '小叶子', 2, 7, 163, 47, 171, 6, 2, 111),
	(0.3, '大叶子', 3, 8, 200, 26, 126, 6, 2, 141),
	(0.1, '开花', 4, 9, 200, 28, 131, 6, 2, 141),
	(0, '成熟', 5, 10, 228, 13, 118, 6, 3, 167),
	(0, '枯草', 6, 0, 253, 25, 171, 6, 4, 157),
	(1, '种子', 0, 10, 53, 72, 226, 7, 1, 59),
	(0.1, '发芽', 1, 30, 73, 65, 194, 7, 2, 62),
	(0, '小叶子', 2, 40, 196, 32, 65, 7, 2, 166),
	(0.2, '大叶子', 3, 60, 200, 26, 97, 7, 2, 141),
	(0.2, '开花', 4, 70, 200, 23, 93, 7, 2, 141),
	(0, '成熟', 5, 80, 301, 5, 46, 7, 3, 225),
	(0, '枯草', 6, 0, 200, 31, 182, 7, 4, 142),
	(1, '种子', 0, 10, 53, 71, 221, 8, 1, 59),
	(0.1, '发芽', 1, 30, 73, 65, 194, 8, 2, 62),
	(0.2, '小叶子', 2, 40, 136, 53, 151, 8, 2, 97),
	(0.2, '大叶子', 3, 60, 200, 26, 97, 8, 2, 141),
	(0.2, '开花', 4, 70, 200, 23, 93, 8, 2, 141),
	(0, '成熟', 5, 80, 200, 47, 114, 8, 3, 142),
	(0, '枯草', 6, 0, 200, 31, 182, 8, 4, 142),
	(1, '种子', 0, 10, 53, 72, 226, 9, 1, 59),
	(0.1, '发芽', 1, 30, 73, 65, 194, 9, 2, 62),
	(0.2, '小叶子', 2, 40, 136, 53, 151, 9, 2, 97),
	(0.2, '大叶子', 3, 60, 200, 26, 97, 9, 2, 141),
	(0.2, '开花', 4, 70, 200, 23, 93, 9, 2, 141),
	(0, '成熟', 5, 80, 200, 25, 96, 9, 3, 142),
	(0, '枯草', 6, 0, 200, 31, 182, 9, 4, 142),
	(1, '种子', 0, 10, 53, 72, 226, 10, 1, 59),
	(0.1, '发芽', 1, 30, 73, 65, 194, 10, 2, 62),
	(0.2, '小叶子', 2, 40, 136, 53, 151, 10, 2, 97),
	(0.2, '大叶子', 3, 60, 200, 26, 97, 10, 2, 141),
	(0.2, '开花', 4, 70, 200, 23, 93, 10, 2, 141),
	(0, '成熟', 5, 80, 200, 25, 96, 10, 3, 142),
	(0, '枯草', 6, 0, 200, 31, 182, 10, 4, 142),
	(1, '种子', 0, 10, 53, 72, 226, 418, 1, 59),
	(0.1, '发芽', 1, 30, 73, 65, 194, 418, 2, 62),
	(0, '小叶子', 2, 40, 136, 56, 132, 418, 2, 97),
	(0.2, '大叶子', 3, 60, 200, 26, 97, 418, 2, 141),
	(0, '开花', 4, 70, 200, 43, 60, 418, 2, 141),
	(0, '成熟', 5, 80, 200, 44, 61, 418, 3, 142),
	(0, '枯草', 6, 0, 200, 31, 182, 418, 4, 142),
	(0.1, '发芽', 1, 30, 73, 65, 194, 940, 2, 62),
	(0.2, '小叶子', 2, 40, 136, 53, 151, 940, 2, 97),
	(0.2, '大叶子', 3, 60, 200, 26, 97, 940, 2, 141),
	(0.2, '开花', 4, 70, 200, 23, 93, 940, 2, 141),
	(0, '成熟', 5, 80, 200, 25, 96, 940, 3, 142),
	(0, '枯草', 6, 0, 200, 31, 182, 940, 4, 142)

-- Create TABLE T_User 
CREATE TABLE [dbo].[T_User] (
  [id] bigint IDENTITY(1,1) PRIMARY KEY NOT NULL,
  [username] varchar(255) COLLATE Chinese_PRC_CI_AS NULL,
  [nickname] varchar(255) COLLATE Chinese_PRC_CI_AS NULL,
  [experience] int NOT NULL,
  [points] int NOT NULL,
  [money] int NOT NULL,
  [avatar] varchar(255) NULL
);

INSERT INTO [dbo].[T_User] ([username], [nickname], [experience], [points], [money], [avatar])
VALUES
('zhaoyun', '赵云', 889, 62989, 7860, '123.jpg'),
('guanyu', '关羽', 750, 54236, 6320, '456.jpg'),
('liubei', '刘备', 920, 71459, 8960, '789.jpg'),
('sunquan', '孙权', 620, 41975, 5480, '234.jpg'),
('diaochan', '貂蝉', 480, 32541, 4320, '567.jpg');